{
    "bounds" : [-49.410227,-25.527961,-49.128016,-25.398082],
    "zoom" : 15,
    "center" : [-49.274, -25.465]
}